id,type,time,author,author_id,re_tweeter,associated_tweet,text,links,hashtags,mentions,reply_count,favorite_count,retweet_count
1051389235406598144,tweet,1539505702000,elonmusk,44196397,,1051389235406598144,It is time to create a mecha,[],[],[],11574,244432,59923
1053390822991790083,tweet,1539982917000,elonmusk,44196397,,1053390822991790083,Had to been done ur welcomepic.twitter.com/7jT0f9lqIS,['https://t.co/7jT0f9lqIS'],[],[],17084,1191593,378487
1052787992060936193,tweet,1539839191000,elonmusk,44196397,,1052787992060936193,Tomorrow brings a lemurpic.twitter.com/rm6S17h35q,['https://t.co/rm6S17h35q'],[],[],1674,60489,5304
1051377948916215810,tweet,1539503011000,elonmusk,44196397,,1051377948916215810,Love Your Namehttps://m.youtube.com/watch?v=xU47nhruN-Q …,['https://t.co/fRU7nTWnML'],[],[],3418,93736,20593
1053432175696048130,tweet,1539992777000,elonmusk,44196397,,1053390822991790083,Online doesn’t count,[],[],[],820,50713,10169
1053060766771761152,tweet,1539904226000,elonmusk,44196397,,1053060766771761152,"Just released lower cost, mid-range Tesla Model 3 & super simple new order pagehttp://Tesla.com/3",['https://t.co/cz0TQn7IOZ'],[],[],3505,49213,5735
1052788115755200512,tweet,1539839221000,elonmusk,44196397,,1052787992060936193,You’ll see,[],[],[],862,28834,2006
1052356093534302208,tweet,1539736219000,elonmusk,44196397,,1052356093534302208,Just reviewed Tesla’s service locations in North America & realized we have major gaps in geographic coverage! Sorry for this foolish oversight. Tesla will aim to cover all regions of NA (not just big cities) within 3 to 6 months.,[],[],[],1672,40802,2565
1051917544301285376,tweet,1539631660000,elonmusk,44196397,,1051917544301285376,Model 3 motor & gearbox still in good condition after driving 1M miles. Designed for ultra high endurance.https://twitter.com/Tesla/status/1051911793373638661 …,['https://t.co/LVO2clQZ3V'],[],[],1439,52899,6916
1053048742985654273,tweet,1539901359000,elonmusk,44196397,,1053048742985654273,Dog saves her puppieshttps://www.reddit.com/r/gifs/comments/9pbeh2/this_dog_came_back_to_save_her_puppies_from_the/?st=JNF5HFZI&sh=2df412d3 …,['https://t.co/czPVEwpPhi'],[],[],416,15898,1337
1052694988516089861,tweet,1539817018000,elonmusk,44196397,,1052694988516089861,Special Circumstancespic.twitter.com/Kk36qj6XJt,['https://t.co/Kk36qj6XJt'],[],[],813,19239,939
1051907915706032131,tweet,1539629365000,elonmusk,44196397,,1051907915706032131,Works best if you play games full screen & use steering wheel scroller balls for controlhttps://twitter.com/Teslarati/status/1051904869441912832 …,['https://t.co/fE51cCC5lx'],[],[],575,13830,1081
1052315244716941313,tweet,1539726480000,elonmusk,44196397,,1052315244716941313,Insightful article by David @Poguehttps://twitter.com/Pogue/status/1051878668136517632 …,['https://t.co/yo9sPUtM8I'],[],['@Pogue'],460,15193,2149
1051381698682793985,tweet,1539503905000,elonmusk,44196397,,1051377948916215810,NERV,[],[],[],212,13560,3168
1052356645723021312,tweet,1539736350000,elonmusk,44196397,,1052356093534302208,Same goes for all countries within which we officially operate by end of next year,[],[],[],533,15720,576
1051379120322490368,tweet,1539503290000,elonmusk,44196397,,1051377948916215810,Great. Also love Princess Mononoke.,[],[],[],124,12250,1258
1053063107843514368,tweet,1539904784000,elonmusk,44196397,,1053060766771761152,"Tesla rear wheel drive cars do actually work well on snow & ice. We did our traction testing on an ice lake! Dual motor AWD is great, but not required for cold weather. Just don’t use sport/summer tires.",[],[],[],457,13362,715
1053430213281906688,tweet,1539992309000,elonmusk,44196397,,1053390822991790083,That’s next,[],[],[],137,10711,1017
1051971997855506432,tweet,1539644643000,elonmusk,44196397,,1051860932211675140,Still a long way to go,[],[],[],171,6993,259
1051727134593445888,tweet,1539586263000,elonmusk,44196397,,1051693566756556801,What are some of the most fun games we could have on a Tesla? Classic Atari is just the start.,[],[],[],1023,15076,584
1053049133643137024,tweet,1539901452000,elonmusk,44196397,,1053048742985654273,Love the Reddit comments too,[],[],[],242,14956,423
1051591623069429760,tweet,1539553955000,elonmusk,44196397,,1051588917688918016,"Thanks for recognizing the great work of the Tesla team! 45,000 people now.",[],[],[],208,12650,569
1053066426532028418,tweet,1539905575000,elonmusk,44196397,,1053060766771761152,"Model 3 long range, rear wheel drive is still available for ordering off menu for another week or so",[],[],[],404,10115,421
1052282255261847552,tweet,1539718614000,elonmusk,44196397,,1052269116915109888,"Thanks John, really admire you too! I think you’re one of the best engineers ever. Hope you return to working on rockets one day.",[],[],[],160,8370,326
1053355910364426240,tweet,1539974594000,elonmusk,44196397,,1053355721184677888,I hope this is true!,[],[],[],192,2458,168
1052101714117976069,tweet,1539675570000,elonmusk,44196397,,1051860932211675140,Somewhere between 500% & 2000%,[],[],[],23,893,52
1053049266615214080,tweet,1539901484000,elonmusk,44196397,,1053048742985654273,Week or two,[],[],[],39,1169,43
1053128497747582976,tweet,1539920374000,elonmusk,44196397,,1053060766771761152,"If you don’t like a Tesla for any reason or no reason, you can just give it back for a full refund",[],[],[],194,2343,210
1051876453837561857,tweet,1539621864000,elonmusk,44196397,,1051676507582550016,Haha. It is actually my fav game on Tesla cars right now,[],[],[],139,5460,132
1051367720111943681,tweet,1539500572000,elonmusk,44196397,,1051226159562686464,Maybe this could be part of a (safe) car version of Pokémon Go style game,[],[],[],43,1050,49
1052105289489477633,tweet,1539676422000,elonmusk,44196397,,1051860932211675140,I believe it’s $5k,[],[],[],33,606,27
1052104593876774912,tweet,1539676256000,elonmusk,44196397,,1051860932211675140,~6 months before it is in all new production cars. No change to sensors. This is simple replacement of the Autopilot computer. Will be done free of charge for those who ordered full self-driving.,[],[],[],59,1064,96
1053068635940388865,tweet,1539906102000,elonmusk,44196397,,1053060766771761152,Also available off menu for a week. Was causing too much confusion.,[],[],[],94,697,43
1052101050465808384,tweet,1539675412000,elonmusk,44196397,,1051860932211675140,"To be clear, actual NN improvement is significantly overestimated in this article. V9.0 vs V8.1 is more like a ~400% increase in useful ops/sec due to enabling integrated GPU & better use of discrete GPU.",[],[],[],104,4066,254
1052621018756349952,tweet,1539799382000,elonmusk,44196397,,1052356093534302208,New Summon will use the Autopilot cameras,[],[],[],44,1012,49
1052130883585507328,tweet,1539682524000,elonmusk,44196397,,1051860932211675140,The FSD upgrade is the Tesla computer with our NN chip,[],[],[],39,711,44
1052618154260619264,tweet,1539798699000,elonmusk,44196397,,1052356093534302208,"Yes, aiming for next few months",[],[],[],20,825,18
1052618041513586688,tweet,1539798672000,elonmusk,44196397,,1052356093534302208,"True, but this will improve dramatically over next several months & all Tesla cars ever produced (except early Roadsters) will get improvements for free. Continuous, free over-the-air software updates is a big part of why a Tesla retains so much value over time.",[],[],[],56,1024,90
1053065745897148416,tweet,1539905413000,elonmusk,44196397,,1053060766771761152,"It’s kind of like the post office. Same price for delivery to Maine as the SF Bay Area. But you do get a free Tesla factory tour, which is really fun to see.",[],[],[],42,782,49
1051230620234350592,tweet,1539467885000,elonmusk,44196397,,1051226159562686464,Good idea!,[],[],[],32,902,24
1148011199121854464,tweet,1562542173000,elonmusk,44196397,,1148009641479008256,Later in life Bakunin is underappreciated,[],[],[],184,2777,120
1148009019140923392,tweet,1562541653000,cleantechnica,17060015,elonmusk,1148009019140923392,"Vegas, Baby! Los Angeles To Vegas & Back In A Tesla Model 3 — 8 Hours Of Driving & 70 Minutes Of Charging https://cleantechnica.com/2019/07/07/vegas-baby-vegas-8-hours-of-driving-70-minutes-of-charging/ …pic.twitter.com/XT5l7gwCk1","['https://t.co/mbzPhnLaqO', 'https://t.co/XT5l7gwCk1']",[],[],89,2670,235
1148009641479008256,tweet,1562541802000,elonmusk,44196397,,1148009641479008256,Listening to Revolutions by Duncanhttps://pca.st/podcast/b1ccb690-fd97-0130-c6ee-723c91aeae46 …Found this on a throw pillow …pic.twitter.com/COUXCF8fG4,"['https://t.co/zc9BGT8bNP', 'https://t.co/COUXCF8fG4']",[],[],245,4005,208
1147883392412917760,tweet,1562511702000,lexfridman,427089628,elonmusk,1147883392412917760,"Over 528,000 Tesla vehicles with Autopilot HW2+ delivered to-date. The possibilities for Autopilot at such a large scale are exciting, esp for driver safety. Good luck to @elonmusk and @Tesla team in tackling this important engineering challenge. Details: https://hcai.mit.edu/tesla-autopilot-miles-and-vehicles/ …pic.twitter.com/WhI1G4i6O6","['https://t.co/k1M2L74cZP', 'https://t.co/WhI1G4i6O6']",[],"['@elonmusk', '@Tesla']",133,5640,761
1147934921656111104,tweet,1562523987000,elonmusk,44196397,,1147934921656111104,Cat is out of the bag https://www.bloomberg.com/news/articles/2019-07-06/gates-says-steve-jobs-cast-spells-to-keep-apple-from-dying?utm_campaign=news&utm_medium=bd&utm_source=applenews …,['https://t.co/epUKm0a3gr'],[],[],980,28698,3262
1147434859217870848,tweet,1562404763000,elonmusk,44196397,,1147434859217870848,Model X as it should be shown https://www.instagram.com/p/BzhWjnZgQSj/?igshid=ly4ynqxne44p …,['https://t.co/lpog2ejWQK'],[],[],706,23115,2032
1147434181082800129,tweet,1562404601000,elonmusk,44196397,,1147434181082800129,What ants must feel likepic.twitter.com/NSsBZXnEvp,['https://t.co/NSsBZXnEvp'],[],[],1134,107214,11237
1147268227837366279,tweet,1562365035000,cleantechnica,17060015,elonmusk,1147268227837366279,Tesla Model 3 Breaks EV Distance Record – 2781 km (1728 miles) Travelled in 24 hours https://cleantechnica.com/2019/07/05/tesla-model-3-breaks-ev-distance-record-2781-km-1728-miles-travelled-in-24-hours/ …pic.twitter.com/OgGbl8LZhv,"['https://t.co/Mif8Qx0YDZ', 'https://t.co/OgGbl8LZhv']",[],[],110,5152,612
1146951326573555712,tweet,1562289480000,Tesla,13298072,elonmusk,1146951326573555712,https://twitter.com/RealZSchiel/status/1146859988918374400 …,['https://t.co/reBDWgPzVu'],[],[],316,46597,2544
1146574336205058048,tweet,1562199598000,elonmusk,44196397,,1146571114551709698,Landing on Ms. Treepic.twitter.com/4lhPWRpaS9,['https://t.co/4lhPWRpaS9'],[],[],441,23197,1543
1146571114551709698,tweet,1562198830000,elonmusk,44196397,,1146571114551709698,Rocket fairing returning from spacehttps://twitter.com/spacex/status/1146546495241371649 …,['https://t.co/kundXPeslm'],[],[],623,36019,3155
1146546049932070912,tweet,1562192854000,elonmusk,44196397,,1146546049932070912,Reason for top rating is that active steering & braking safety features of Tesla Autopilot are turned on no cost for all carshttps://www.wired.com/story/tesla-model-3-can-survive-crash-avoid-one-too/ …,['https://t.co/HBKwAEbgc9'],[],[],525,12841,1167
1146402247686918144,tweet,1562158569000,InsideEVs,568621669,elonmusk,1146402247686918144,2019 Tesla Model S Long Range: Don't Let Its Looks Fool You https://insideevs.com/reviews/357919/video-tesla-model-s-long-range-review/amp/ … via @insideevs.com,['https://t.co/oVbltbXvhC'],[],['@InsideEVs'],63,2796,227
1146358299886936064,tweet,1562148091000,Teslarati,1308211178,elonmusk,1146358299886936064,"Hey @elonmusk, can confirm Model 3 quicker and better handling than BMW M3, M4 ... 911, Vette, Ferrari, Aston Martin...https://www.teslarati.com/tesla-model-3-fastest-lap-record-laguna-seca-video/ …",['https://t.co/vEtuJxooYe'],[],['@elonmusk'],190,6258,806
1146357513085837312,tweet,1562147904000,Tesla,13298072,elonmusk,1146357513085837312,please:We are excited to announce that Model 3 just earned a 5-star safety rating from @EuroNCAP https://ts.la/2LxSs73,['https://t.co/2oSQz4yaBB'],[],['@EuroNCAP'],502,28245,2956
1146152051434381313,tweet,1562098918000,elonmusk,44196397,,1146152051434381313,Congratulations Tesla team & thanks to all the new Tesla owners!! https://twitter.com/cnbcnow/status/1146151371571380225 …,['https://t.co/QczUAVazw5'],[],[],1806,60885,4625
1146147067015778304,tweet,1562097729000,elonmusk,44196397,,1146147067015778304,Meme of recursive ironypic.twitter.com/hlrfkd9yGy,['https://t.co/hlrfkd9yGy'],[],[],892,56848,5200
1146097115183140864,tweet,1562085820000,QuentinWillson,194084833,elonmusk,1146097115183140864,Took Tesla Model 3 ⁦to @CaffandMac⁩ to see reactions. Got 320 miles to one charge. This is £50k Performance version that does 0-60 in 3.2 secs and 163 mph. World’s best electric car by a big margin. Loved it. ⁦@Tesla⁩ #tesla ⁦@elonmusk⁩pic.twitter.com/GT4Xx84iQt,['https://t.co/GT4Xx84iQt'],['#tesla'],"['@CaffandMac', '@Tesla', '@elonmusk']",144,6464,436
1145903368184819712,tweet,1562039627000,boringcompany,859816394556284929,elonmusk,1145903368184819712,Come work with us in Las Vegas – lots of boring jobs available!https://www.boringcompany.com/jobs,['https://t.co/imlQMDfprJ'],[],[],660,10917,1168
1145809499455967233,tweet,1562017247000,cleantechnica,17060015,elonmusk,1145809499455967233,"Tesla’s Nanochargers Deliver 250 kW Charging & 1,722 km/hr Today! https://cleantechnica.com/2019/07/01/teslas-nanochargers-deliver-250-kw-charging-1722-km-hr-today/ …pic.twitter.com/KWf1AEfTb1","['https://t.co/qZCLvwvTmG', 'https://t.co/KWf1AEfTb1']",[],[],131,5782,522
1051389235406598144,tweet,1539505702000,elonmusk,44196397,,1051389235406598144,It is time to create a mecha,[],[],[],11574,244432,59923
1053390822991790083,tweet,1539982917000,elonmusk,44196397,,1053390822991790083,Had to been done ur welcomepic.twitter.com/7jT0f9lqIS,['https://t.co/7jT0f9lqIS'],[],[],17084,1191594,378487
1052787992060936193,tweet,1539839191000,elonmusk,44196397,,1052787992060936193,Tomorrow brings a lemurpic.twitter.com/rm6S17h35q,['https://t.co/rm6S17h35q'],[],[],1674,60489,5304
1051377948916215810,tweet,1539503011000,elonmusk,44196397,,1051377948916215810,Love Your Namehttps://m.youtube.com/watch?v=xU47nhruN-Q …,['https://t.co/fRU7nTWnML'],[],[],3418,93736,20593
1053432175696048130,tweet,1539992777000,elonmusk,44196397,,1053390822991790083,Online doesn’t count,[],[],[],820,50713,10169
1053060766771761152,tweet,1539904226000,elonmusk,44196397,,1053060766771761152,"Just released lower cost, mid-range Tesla Model 3 & super simple new order pagehttp://Tesla.com/3",['https://t.co/cz0TQn7IOZ'],[],[],3505,49213,5735
1052788115755200512,tweet,1539839221000,elonmusk,44196397,,1052787992060936193,You’ll see,[],[],[],862,28834,2006
1052356093534302208,tweet,1539736219000,elonmusk,44196397,,1052356093534302208,Just reviewed Tesla’s service locations in North America & realized we have major gaps in geographic coverage! Sorry for this foolish oversight. Tesla will aim to cover all regions of NA (not just big cities) within 3 to 6 months.,[],[],[],1672,40802,2565
1051917544301285376,tweet,1539631660000,elonmusk,44196397,,1051917544301285376,Model 3 motor & gearbox still in good condition after driving 1M miles. Designed for ultra high endurance.https://twitter.com/Tesla/status/1051911793373638661 …,['https://t.co/LVO2clQZ3V'],[],[],1439,52899,6916
1053048742985654273,tweet,1539901359000,elonmusk,44196397,,1053048742985654273,Dog saves her puppieshttps://www.reddit.com/r/gifs/comments/9pbeh2/this_dog_came_back_to_save_her_puppies_from_the/?st=JNF5HFZI&sh=2df412d3 …,['https://t.co/czPVEwpPhi'],[],[],416,15898,1337
1052694988516089861,tweet,1539817018000,elonmusk,44196397,,1052694988516089861,Special Circumstancespic.twitter.com/Kk36qj6XJt,['https://t.co/Kk36qj6XJt'],[],[],813,19239,939
1051907915706032131,tweet,1539629365000,elonmusk,44196397,,1051907915706032131,Works best if you play games full screen & use steering wheel scroller balls for controlhttps://twitter.com/Teslarati/status/1051904869441912832 …,['https://t.co/fE51cCC5lx'],[],[],575,13830,1081
1052315244716941313,tweet,1539726480000,elonmusk,44196397,,1052315244716941313,Insightful article by David @Poguehttps://twitter.com/Pogue/status/1051878668136517632 …,['https://t.co/yo9sPUtM8I'],[],['@Pogue'],460,15193,2149
1051381698682793985,tweet,1539503905000,elonmusk,44196397,,1051377948916215810,NERV,[],[],[],212,13560,3168
1052356645723021312,tweet,1539736350000,elonmusk,44196397,,1052356093534302208,Same goes for all countries within which we officially operate by end of next year,[],[],[],533,15720,576
1051379120322490368,tweet,1539503290000,elonmusk,44196397,,1051377948916215810,Great. Also love Princess Mononoke.,[],[],[],124,12250,1258
1053063107843514368,tweet,1539904784000,elonmusk,44196397,,1053060766771761152,"Tesla rear wheel drive cars do actually work well on snow & ice. We did our traction testing on an ice lake! Dual motor AWD is great, but not required for cold weather. Just don’t use sport/summer tires.",[],[],[],457,13362,715
1053430213281906688,tweet,1539992309000,elonmusk,44196397,,1053390822991790083,That’s next,[],[],[],137,10711,1017
1051971997855506432,tweet,1539644643000,elonmusk,44196397,,1051860932211675140,Still a long way to go,[],[],[],171,6993,259
1051727134593445888,tweet,1539586263000,elonmusk,44196397,,1051693566756556801,What are some of the most fun games we could have on a Tesla? Classic Atari is just the start.,[],[],[],1023,15076,584
1053049133643137024,tweet,1539901452000,elonmusk,44196397,,1053048742985654273,Love the Reddit comments too,[],[],[],242,14956,423
1051591623069429760,tweet,1539553955000,elonmusk,44196397,,1051588917688918016,"Thanks for recognizing the great work of the Tesla team! 45,000 people now.",[],[],[],208,12650,569
1053066426532028418,tweet,1539905575000,elonmusk,44196397,,1053060766771761152,"Model 3 long range, rear wheel drive is still available for ordering off menu for another week or so",[],[],[],404,10115,421
1052282255261847552,tweet,1539718614000,elonmusk,44196397,,1052269116915109888,"Thanks John, really admire you too! I think you’re one of the best engineers ever. Hope you return to working on rockets one day.",[],[],[],160,8370,326
1053355910364426240,tweet,1539974594000,elonmusk,44196397,,1053355721184677888,I hope this is true!,[],[],[],192,2458,168
1052101714117976069,tweet,1539675570000,elonmusk,44196397,,1051860932211675140,Somewhere between 500% & 2000%,[],[],[],23,893,52
1053049266615214080,tweet,1539901484000,elonmusk,44196397,,1053048742985654273,Week or two,[],[],[],39,1169,43
1053128497747582976,tweet,1539920374000,elonmusk,44196397,,1053060766771761152,"If you don’t like a Tesla for any reason or no reason, you can just give it back for a full refund",[],[],[],194,2343,210
1051876453837561857,tweet,1539621864000,elonmusk,44196397,,1051676507582550016,Haha. It is actually my fav game on Tesla cars right now,[],[],[],139,5460,132
1051367720111943681,tweet,1539500572000,elonmusk,44196397,,1051226159562686464,Maybe this could be part of a (safe) car version of Pokémon Go style game,[],[],[],43,1050,49
1052105289489477633,tweet,1539676422000,elonmusk,44196397,,1051860932211675140,I believe it’s $5k,[],[],[],33,606,27
1052104593876774912,tweet,1539676256000,elonmusk,44196397,,1051860932211675140,~6 months before it is in all new production cars. No change to sensors. This is simple replacement of the Autopilot computer. Will be done free of charge for those who ordered full self-driving.,[],[],[],59,1064,96
1053068635940388865,tweet,1539906102000,elonmusk,44196397,,1053060766771761152,Also available off menu for a week. Was causing too much confusion.,[],[],[],94,697,43
1052101050465808384,tweet,1539675412000,elonmusk,44196397,,1051860932211675140,"To be clear, actual NN improvement is significantly overestimated in this article. V9.0 vs V8.1 is more like a ~400% increase in useful ops/sec due to enabling integrated GPU & better use of discrete GPU.",[],[],[],104,4066,254
1052621018756349952,tweet,1539799382000,elonmusk,44196397,,1052356093534302208,New Summon will use the Autopilot cameras,[],[],[],44,1012,49
1052130883585507328,tweet,1539682524000,elonmusk,44196397,,1051860932211675140,The FSD upgrade is the Tesla computer with our NN chip,[],[],[],39,711,44
1052618154260619264,tweet,1539798699000,elonmusk,44196397,,1052356093534302208,"Yes, aiming for next few months",[],[],[],20,825,18
1052618041513586688,tweet,1539798672000,elonmusk,44196397,,1052356093534302208,"True, but this will improve dramatically over next several months & all Tesla cars ever produced (except early Roadsters) will get improvements for free. Continuous, free over-the-air software updates is a big part of why a Tesla retains so much value over time.",[],[],[],56,1024,90
1053065745897148416,tweet,1539905413000,elonmusk,44196397,,1053060766771761152,"It’s kind of like the post office. Same price for delivery to Maine as the SF Bay Area. But you do get a free Tesla factory tour, which is really fun to see.",[],[],[],42,782,49
1051230620234350592,tweet,1539467885000,elonmusk,44196397,,1051226159562686464,Good idea!,[],[],[],32,902,24
1148090287312396289,tweet,1562561029000,zeddie_codes,1139949042106916865,,1148090287312396289,Found out a great quote in Udemy course by @Todd_McLeod ..#course #quotes #quotesoftheday #MondayMotivaton #MondayMorning #mondaythoughts #MondayMood #motivation #MotivationalQuotes #programmer #programming #developers #computerscience #technology #udemy #Trending #LoveIsIandpic.twitter.com/GRSQbCsp1I,['https://t.co/GRSQbCsp1I'],"['#course', '#quotes', '#quotesoftheday', '#MondayMotivaton', '#MondayMorning', '#mondaythoughts', '#MondayMood', '#motivation', '#MotivationalQuotes', '#programmer', '#programming', '#developers', '#computerscience', '#technology', '#udemy', '#Trending', '#LoveIsIand']",['@Todd_McLeod'],0,1,2
1147745008415412225,tweet,1562478708000,zeddie_codes,1139949042106916865,,1147745008415412225,"It's Sunday Funday, gonna plan my week for productive outcomes.#SundayThoughts #SundayMorning #SundayMotivation #weekend #productive #results #planning #code #coder #programmers #programming #programmer #Developer #development #Ubuntu #Linux #computer #technology #Trendingpic.twitter.com/anR6IBxcJB",['https://t.co/anR6IBxcJB'],"['#SundayThoughts', '#SundayMorning', '#SundayMotivation', '#weekend', '#productive', '#results', '#planning', '#code', '#coder', '#programmers', '#programming', '#programmer', '#Developer', '#development', '#Ubuntu', '#Linux', '#computer', '#technology', '#Trending']",[],0,6,4
1145547256491208704,tweet,1561954723000,zeddie_codes,1139949042106916865,zeddie_codes,1145547256491208704,"Apart from C++ and GO, Marvel is life.#Marvel #AvengersEndgame #Avengers #SpiderMan #CaptainAmerica #IronMan #Coding #programmer #programming #code #ComputerScience #developers #Developer #CPP #golang #Google #technology #gamer #gaming #fun #Geek #Nerd #fun #MondayMotivationpic.twitter.com/SHbH0NoVfo",['https://t.co/SHbH0NoVfo'],"['#Marvel', '#AvengersEndgame', '#AvengersEndgame', '#Avengers', '#Avengers', '#SpiderMan', '#SpiderMan', '#CaptainAmerica', '#CaptainAmerica', '#IronMan', '#IronMan', '#Coding', '#programmer', '#programming', '#code', '#ComputerScience', '#developers', '#Developer', '#CPP', '#golang', '#Google', '#technology', '#gamer', '#gaming', '#fun', '#Geek', '#Nerd', '#fun', '#MondayMotivation']",[],0,7,4
1147553518217117696,tweet,1562433053000,zeddie_codes,1139949042106916865,,1147553518217117696,Sometimes I question my virtual survival.#Hacker #Hackers #cracks #security #SocialMedia #social #Facebook #TwitterDown #War #survey #Blog #awareness #InformationSecurity #accessibility #control #Trending #WhatsApp #Instagram #Tweet #safeplanet #safety #career #crimehttps://twitter.com/Snowden/status/975147858096742405 …,['https://t.co/uipBpYVtoA'],"['#Hacker', '#Hackers', '#cracks', '#security', '#SocialMedia', '#social', '#Facebook', '#TwitterDown', '#War', '#survey', '#Blog', '#awareness', '#InformationSecurity', '#accessibility', '#control', '#Trending', '#WhatsApp', '#Instagram', '#Tweet', '#safeplanet', '#safety', '#career', '#crime']",[],0,2,0
1147279624679768065,tweet,1562367752000,zeddie_codes,1139949042106916865,,1147279624679768065,Congrats bro for successfully completing #100DaysOfCode . You have always been an inspiration and motivation for all of us.#shoutouts #successful #motivation #inspire #inspirational #coder #Coding #programming #passion #life #FeelGoodFriday #focus #happy #Congratulationshttps://twitter.com/coder_sharma/status/1147154054050529280 …,['https://t.co/5OsBwgouvc'],"['#100DaysOfCode', '#shoutouts', '#successful', '#motivation', '#inspire', '#inspirational', '#coder', '#Coding', '#programming', '#passion', '#life', '#FeelGoodFriday', '#focus', '#happy', '#Congratulations']",[],0,5,2
1145726024383995904,tweet,1561997345000,zeddie_codes,1139949042106916865,,1145726024383995904,Must look article for GSoc aspirants.https://twitter.com/shlok_15/status/1134819109672275968 …,['https://t.co/dqkm2tBOtG'],[],[],0,0,1
1145350304583622656,tweet,1561907766000,b0rk,6603532,zeddie_codes,1145350304583622656,how I got better at debuggingpic.twitter.com/QaSc3xBa36,['https://t.co/QaSc3xBa36'],[],[],175,13198,4016
1145448964965195776,tweet,1561931289000,ShivaHfard,1145387438648561664,zeddie_codes,1145448964965195776,"[47/100]&[48/100]Day 47:Started & finished ""Debugging"" challenges on #freeCodeCampAlso covered around 50% of ""Basic Data Structure""Day 48:Today I was way too busy to code. But I guess I did 2 more challenges on FCC.Hoping for a better day on July 1st! #100DaysofCode",[],"['#freeCodeCamp', '#100DaysofCode']",[],1,13,5
1145449440112594944,tweet,1561931402000,tesla_truth,1067553335970955264,zeddie_codes,1145449440112594944,"People who think @elonmusk will never ship ""Full Self Driving"" must not realize... they already shipped it.Every Tesla today can already handle more than 90% of driving time automatically on city streets & highways, as the video below shows. You just relax & monitor it.pic.twitter.com/Ymuy17qM6r",['https://t.co/Ymuy17qM6r'],[],['@elonmusk'],315,12410,1699
1145547256491208704,tweet,1561954723000,zeddie_codes,1139949042106916865,,1145547256491208704,"Apart from C++ and GO, Marvel is life.#Marvel #AvengersEndgame #Avengers #SpiderMan #CaptainAmerica #IronMan #Coding #programmer #programming #code #ComputerScience #developers #Developer #CPP #golang #Google #technology #gamer #gaming #fun #Geek #Nerd #fun #MondayMotivationpic.twitter.com/SHbH0NoVfo",['https://t.co/SHbH0NoVfo'],"['#Marvel', '#AvengersEndgame', '#AvengersEndgame', '#Avengers', '#Avengers', '#SpiderMan', '#SpiderMan', '#CaptainAmerica', '#CaptainAmerica', '#IronMan', '#IronMan', '#Coding', '#programmer', '#programming', '#code', '#ComputerScience', '#developers', '#Developer', '#CPP', '#golang', '#Google', '#technology', '#gamer', '#gaming', '#fun', '#Geek', '#Nerd', '#fun', '#MondayMotivation']",[],0,7,4
1144960908248043521,tweet,1561814927000,zeddie_codes,1139949042106916865,,1144960908248043521,"Marvel vs DC, I love both #marvelcomics #MarvelStudios #DC #Batman89 #Joker #AvengersEndgame #IronMan #Avengers #Thor #CaptainMarvel #CaptainAmerica #WonderWoman #MOVIESTAR #comicconstuttgart #LIKEs #passion #computerpic.twitter.com/DAlZPdoMyj",['https://t.co/DAlZPdoMyj'],"['#marvelcomics', '#MarvelStudios', '#MarvelStudios', '#DC', '#Batman89', '#Joker', '#AvengersEndgame', '#AvengersEndgame', '#IronMan', '#IronMan', '#Avengers', '#Avengers', '#Thor', '#Thor', '#CaptainMarvel', '#CaptainMarvel', '#CaptainAmerica', '#CaptainAmerica', '#WonderWoman', '#MOVIESTAR', '#comicconstuttgart', '#LIKEs', '#passion', '#computer']",[],0,3,2
1144204190899564547,tweet,1561634512000,zeddie_codes,1139949042106916865,,1144204190899564547,"Codes can't lie, Comments can! xD.#code #Coding #programming #tech #technology #jokes #Developer #Google #photography #Software #Java #SoftwareDeveloper #developers #development #passion #love #fun #ideas #Tweet #Geek #Nerd #Linux #Ubuntu #Python #computing #Data #life #Androidpic.twitter.com/wvbnsLS7KA",['https://t.co/wvbnsLS7KA'],"['#code', '#Coding', '#programming', '#tech', '#technology', '#jokes', '#Developer', '#Google', '#photography', '#Software', '#Java', '#SoftwareDeveloper', '#developers', '#development', '#passion', '#love', '#fun', '#ideas', '#Tweet', '#Geek', '#Nerd', '#Linux', '#Ubuntu', '#Python', '#computing', '#Data', '#life', '#Android']",[],0,3,2
1143799235692728321,tweet,1561537963000,zeddie_codes,1139949042106916865,,1143799235692728321,"""Do what you love,love what you do.""#code #Coding #programming #tech #technology #Joker #Developer #Google #photography #Software #SoftwareDeveloper #developers #development #passion #love #fun #ideas #Tweet #Geek #Nerd #Linux #Ubuntu #Python #computing #Data #life #Androidpic.twitter.com/8a0pSw1sq2",['https://t.co/8a0pSw1sq2'],"['#code', '#Coding', '#programming', '#tech', '#technology', '#Joker', '#Developer', '#Google', '#photography', '#Software', '#SoftwareDeveloper', '#developers', '#development', '#passion', '#love', '#fun', '#ideas', '#Tweet', '#Geek', '#Nerd', '#Linux', '#Ubuntu', '#Python', '#computing', '#Data', '#life', '#Android']",[],1,5,3
1143117966831079430,tweet,1561375536000,zeddie_codes,1139949042106916865,,1143117966831079430,"Coding is a sport, U get better when you play it.#code #Coding #programming #tech #technology #dark #Developer #Contest #photography #Software #SoftwareDeveloper #developers #development #passion #love #fun #ideas #Tweet #Geek #Nerd #Linux #Ubuntu #Python #computing #Data #lifepic.twitter.com/A7YgFdQhgr",['https://t.co/A7YgFdQhgr'],"['#code', '#Coding', '#programming', '#tech', '#technology', '#dark', '#Developer', '#Contest', '#photography', '#Software', '#SoftwareDeveloper', '#developers', '#development', '#passion', '#love', '#fun', '#ideas', '#Tweet', '#Geek', '#Nerd', '#Linux', '#Ubuntu', '#Python', '#computing', '#Data', '#life']",[],0,8,1
1141408635794288641,tweet,1560967999000,zeddie_codes,1139949042106916865,,1141408635794288641,Codeforces Round 568(Div II)#code #Coding #programming #tech #technology #dark #Developer #codeforces #Contest #Software #SoftwareDeveloper #developers #development #passion #love #fun #ideas #Tweet #Geek #Nerd #Linux #Ubuntu #CPP #Python #computing #DataScience #Data #lifepic.twitter.com/29QMjOJX8f,['https://t.co/29QMjOJX8f'],"['#code', '#Coding', '#programming', '#tech', '#technology', '#dark', '#Developer', '#codeforces', '#Contest', '#Software', '#SoftwareDeveloper', '#developers', '#development', '#passion', '#love', '#fun', '#ideas', '#Tweet', '#Geek', '#Nerd', '#Linux', '#Ubuntu', '#CPP', '#Python', '#computing', '#DataScience', '#Data', '#life']",[],0,7,3
1140293960478314497,tweet,1560702240000,zeddie_codes,1139949042106916865,,1140293960478314497,"My first and really incredible experience as a teacher at CodeChef's Competitive programming workshop.Thanks to all participants, other teachers for making this so memorable.#codechef #codechefforschools #codechefvolunteer #education #workshop #programming #Coding #funpic.twitter.com/7MhlQkD7MY",['https://t.co/7MhlQkD7MY'],"['#codechef', '#codechefforschools', '#codechefvolunteer', '#education', '#workshop', '#programming', '#Coding', '#fun']",[],0,4,0
1139957335047098368,tweet,1560621982000,zeddie_codes,1139949042106916865,,1139957335047098368,My very first post on twitter.I'm a full time competetive programmer and part time application dev. I also love reading books and meeting new peoples. #code #Coding #programmers #Developer #intro #me #Excited #motivated #inspiredpic.twitter.com/i0Ko4rKk5s,['https://t.co/i0Ko4rKk5s'],"['#code', '#Coding', '#programmers', '#Developer', '#intro', '#me', '#Excited', '#motivated', '#inspired']",[],2,4,0
1148011199121854464,tweet,1562542173000,elonmusk,44196397,,1148009641479008256,Later in life Bakunin is underappreciated,[],[],[],186,2864,122
1148009019140923392,tweet,1562541653000,cleantechnica,17060015,elonmusk,1148009019140923392,"Vegas, Baby! Los Angeles To Vegas & Back In A Tesla Model 3 — 8 Hours Of Driving & 70 Minutes Of Charging https://cleantechnica.com/2019/07/07/vegas-baby-vegas-8-hours-of-driving-70-minutes-of-charging/ …pic.twitter.com/XT5l7gwCk1","['https://t.co/mbzPhnLaqO', 'https://t.co/XT5l7gwCk1']",[],[],90,2709,241
1148009641479008256,tweet,1562541802000,elonmusk,44196397,,1148009641479008256,Listening to Revolutions by Duncanhttps://pca.st/podcast/b1ccb690-fd97-0130-c6ee-723c91aeae46 …Found this on a throw pillow …pic.twitter.com/COUXCF8fG4,"['https://t.co/zc9BGT8bNP', 'https://t.co/COUXCF8fG4']",[],[],248,4099,209
1147883392412917760,tweet,1562511702000,lexfridman,427089628,elonmusk,1147883392412917760,"Over 528,000 Tesla vehicles with Autopilot HW2+ delivered to-date. The possibilities for Autopilot at such a large scale are exciting, esp for driver safety. Good luck to @elonmusk and @Tesla team in tackling this important engineering challenge. Details: https://hcai.mit.edu/tesla-autopilot-miles-and-vehicles/ …pic.twitter.com/WhI1G4i6O6","['https://t.co/k1M2L74cZP', 'https://t.co/WhI1G4i6O6']",[],"['@elonmusk', '@Tesla']",135,5735,772
1147934921656111104,tweet,1562523987000,elonmusk,44196397,,1147934921656111104,Cat is out of the bag https://www.bloomberg.com/news/articles/2019-07-06/gates-says-steve-jobs-cast-spells-to-keep-apple-from-dying?utm_campaign=news&utm_medium=bd&utm_source=applenews …,['https://t.co/epUKm0a3gr'],[],[],984,28964,3286
1147434859217870848,tweet,1562404763000,elonmusk,44196397,,1147434859217870848,Model X as it should be shown https://www.instagram.com/p/BzhWjnZgQSj/?igshid=ly4ynqxne44p …,['https://t.co/lpog2ejWQK'],[],[],705,23121,2032
1147434181082800129,tweet,1562404601000,elonmusk,44196397,,1147434181082800129,What ants must feel likepic.twitter.com/NSsBZXnEvp,['https://t.co/NSsBZXnEvp'],[],[],1134,107255,11242
1147268227837366279,tweet,1562365035000,cleantechnica,17060015,elonmusk,1147268227837366279,Tesla Model 3 Breaks EV Distance Record – 2781 km (1728 miles) Travelled in 24 hours https://cleantechnica.com/2019/07/05/tesla-model-3-breaks-ev-distance-record-2781-km-1728-miles-travelled-in-24-hours/ …pic.twitter.com/OgGbl8LZhv,"['https://t.co/Mif8Qx0YDZ', 'https://t.co/OgGbl8LZhv']",[],[],110,5156,612
1146951326573555712,tweet,1562289480000,Tesla,13298072,elonmusk,1146951326573555712,https://twitter.com/RealZSchiel/status/1146859988918374400 …,['https://t.co/reBDWgPzVu'],[],[],316,46604,2544
1146574336205058048,tweet,1562199598000,elonmusk,44196397,,1146571114551709698,Landing on Ms. Treepic.twitter.com/4lhPWRpaS9,['https://t.co/4lhPWRpaS9'],[],[],441,23200,1542
1146571114551709698,tweet,1562198830000,elonmusk,44196397,,1146571114551709698,Rocket fairing returning from spacehttps://twitter.com/spacex/status/1146546495241371649 …,['https://t.co/kundXPeslm'],[],[],623,36021,3156
1146546049932070912,tweet,1562192854000,elonmusk,44196397,,1146546049932070912,Reason for top rating is that active steering & braking safety features of Tesla Autopilot are turned on no cost for all carshttps://www.wired.com/story/tesla-model-3-can-survive-crash-avoid-one-too/ …,['https://t.co/HBKwAEbgc9'],[],[],525,12846,1168
1146402247686918144,tweet,1562158569000,InsideEVs,568621669,elonmusk,1146402247686918144,2019 Tesla Model S Long Range: Don't Let Its Looks Fool You https://insideevs.com/reviews/357919/video-tesla-model-s-long-range-review/amp/ … via @insideevs.com,['https://t.co/oVbltbXvhC'],[],['@InsideEVs'],63,2797,228
1146358299886936064,tweet,1562148091000,Teslarati,1308211178,elonmusk,1146358299886936064,"Hey @elonmusk, can confirm Model 3 quicker and better handling than BMW M3, M4 ... 911, Vette, Ferrari, Aston Martin...https://www.teslarati.com/tesla-model-3-fastest-lap-record-laguna-seca-video/ …",['https://t.co/vEtuJxooYe'],[],['@elonmusk'],190,6260,807
1146357513085837312,tweet,1562147904000,Tesla,13298072,elonmusk,1146357513085837312,please:We are excited to announce that Model 3 just earned a 5-star safety rating from @EuroNCAP https://ts.la/2LxSs73,['https://t.co/2oSQz4yaBB'],[],['@EuroNCAP'],503,28250,2957
1146152051434381313,tweet,1562098918000,elonmusk,44196397,,1146152051434381313,Congratulations Tesla team & thanks to all the new Tesla owners!! https://twitter.com/cnbcnow/status/1146151371571380225 …,['https://t.co/QczUAVazw5'],[],[],1806,60887,4626
1146147067015778304,tweet,1562097729000,elonmusk,44196397,,1146147067015778304,Meme of recursive ironypic.twitter.com/hlrfkd9yGy,['https://t.co/hlrfkd9yGy'],[],[],892,56849,5201
1146097115183140864,tweet,1562085820000,QuentinWillson,194084833,elonmusk,1146097115183140864,Took Tesla Model 3 ⁦to @CaffandMac⁩ to see reactions. Got 320 miles to one charge. This is £50k Performance version that does 0-60 in 3.2 secs and 163 mph. World’s best electric car by a big margin. Loved it. ⁦@Tesla⁩ #tesla ⁦@elonmusk⁩pic.twitter.com/GT4Xx84iQt,['https://t.co/GT4Xx84iQt'],['#tesla'],"['@CaffandMac', '@Tesla', '@elonmusk']",144,6465,437
1145903368184819712,tweet,1562039627000,boringcompany,859816394556284929,elonmusk,1145903368184819712,Come work with us in Las Vegas – lots of boring jobs available!https://www.boringcompany.com/jobs,['https://t.co/imlQMDfprJ'],[],[],660,10918,1169
1145809499455967233,tweet,1562017247000,cleantechnica,17060015,elonmusk,1145809499455967233,"Tesla’s Nanochargers Deliver 250 kW Charging & 1,722 km/hr Today! https://cleantechnica.com/2019/07/01/teslas-nanochargers-deliver-250-kw-charging-1722-km-hr-today/ …pic.twitter.com/KWf1AEfTb1","['https://t.co/qZCLvwvTmG', 'https://t.co/KWf1AEfTb1']",[],[],131,5782,522
1051389235406598144,tweet,1539505702000,elonmusk,44196397,,1051389235406598144,It is time to create a mecha,[],[],[],11574,244432,59923
1053390822991790083,tweet,1539982917000,elonmusk,44196397,,1053390822991790083,Had to been done ur welcomepic.twitter.com/7jT0f9lqIS,['https://t.co/7jT0f9lqIS'],[],[],17083,1191597,378486
1052787992060936193,tweet,1539839191000,elonmusk,44196397,,1052787992060936193,Tomorrow brings a lemurpic.twitter.com/rm6S17h35q,['https://t.co/rm6S17h35q'],[],[],1674,60489,5304
1051377948916215810,tweet,1539503011000,elonmusk,44196397,,1051377948916215810,Love Your Namehttps://m.youtube.com/watch?v=xU47nhruN-Q …,['https://t.co/fRU7nTWnML'],[],[],3418,93736,20593
1053432175696048130,tweet,1539992777000,elonmusk,44196397,,1053390822991790083,Online doesn’t count,[],[],[],820,50713,10169
1053060766771761152,tweet,1539904226000,elonmusk,44196397,,1053060766771761152,"Just released lower cost, mid-range Tesla Model 3 & super simple new order pagehttp://Tesla.com/3",['https://t.co/cz0TQn7IOZ'],[],[],3505,49213,5735
1052788115755200512,tweet,1539839221000,elonmusk,44196397,,1052787992060936193,You’ll see,[],[],[],862,28832,2006
1052356093534302208,tweet,1539736219000,elonmusk,44196397,,1052356093534302208,Just reviewed Tesla’s service locations in North America & realized we have major gaps in geographic coverage! Sorry for this foolish oversight. Tesla will aim to cover all regions of NA (not just big cities) within 3 to 6 months.,[],[],[],1672,40802,2565
1051917544301285376,tweet,1539631660000,elonmusk,44196397,,1051917544301285376,Model 3 motor & gearbox still in good condition after driving 1M miles. Designed for ultra high endurance.https://twitter.com/Tesla/status/1051911793373638661 …,['https://t.co/LVO2clQZ3V'],[],[],1439,52899,6916
1053048742985654273,tweet,1539901359000,elonmusk,44196397,,1053048742985654273,Dog saves her puppieshttps://www.reddit.com/r/gifs/comments/9pbeh2/this_dog_came_back_to_save_her_puppies_from_the/?st=JNF5HFZI&sh=2df412d3 …,['https://t.co/czPVEwpPhi'],[],[],416,15899,1337
1052694988516089861,tweet,1539817018000,elonmusk,44196397,,1052694988516089861,Special Circumstancespic.twitter.com/Kk36qj6XJt,['https://t.co/Kk36qj6XJt'],[],[],813,19239,939
1051907915706032131,tweet,1539629365000,elonmusk,44196397,,1051907915706032131,Works best if you play games full screen & use steering wheel scroller balls for controlhttps://twitter.com/Teslarati/status/1051904869441912832 …,['https://t.co/fE51cCC5lx'],[],[],575,13830,1081
1052315244716941313,tweet,1539726480000,elonmusk,44196397,,1052315244716941313,Insightful article by David @Poguehttps://twitter.com/Pogue/status/1051878668136517632 …,['https://t.co/yo9sPUtM8I'],[],['@Pogue'],460,15193,2149
1051381698682793985,tweet,1539503905000,elonmusk,44196397,,1051377948916215810,NERV,[],[],[],212,13560,3168
1052356645723021312,tweet,1539736350000,elonmusk,44196397,,1052356093534302208,Same goes for all countries within which we officially operate by end of next year,[],[],[],533,15720,576
1051379120322490368,tweet,1539503290000,elonmusk,44196397,,1051377948916215810,Great. Also love Princess Mononoke.,[],[],[],124,12250,1258
1053063107843514368,tweet,1539904784000,elonmusk,44196397,,1053060766771761152,"Tesla rear wheel drive cars do actually work well on snow & ice. We did our traction testing on an ice lake! Dual motor AWD is great, but not required for cold weather. Just don’t use sport/summer tires.",[],[],[],457,13362,715
1053430213281906688,tweet,1539992309000,elonmusk,44196397,,1053390822991790083,That’s next,[],[],[],137,10711,1017
1051971997855506432,tweet,1539644643000,elonmusk,44196397,,1051860932211675140,Still a long way to go,[],[],[],171,6993,259
1051727134593445888,tweet,1539586263000,elonmusk,44196397,,1051693566756556801,What are some of the most fun games we could have on a Tesla? Classic Atari is just the start.,[],[],[],1023,15076,584
1053049133643137024,tweet,1539901452000,elonmusk,44196397,,1053048742985654273,Love the Reddit comments too,[],[],[],242,14956,423
1051591623069429760,tweet,1539553955000,elonmusk,44196397,,1051588917688918016,"Thanks for recognizing the great work of the Tesla team! 45,000 people now.",[],[],[],208,12650,569
1053066426532028418,tweet,1539905575000,elonmusk,44196397,,1053060766771761152,"Model 3 long range, rear wheel drive is still available for ordering off menu for another week or so",[],[],[],404,10115,421
1052282255261847552,tweet,1539718614000,elonmusk,44196397,,1052269116915109888,"Thanks John, really admire you too! I think you’re one of the best engineers ever. Hope you return to working on rockets one day.",[],[],[],160,8370,326
1053355910364426240,tweet,1539974594000,elonmusk,44196397,,1053355721184677888,I hope this is true!,[],[],[],192,2458,168
1052101714117976069,tweet,1539675570000,elonmusk,44196397,,1051860932211675140,Somewhere between 500% & 2000%,[],[],[],23,893,52
1053049266615214080,tweet,1539901484000,elonmusk,44196397,,1053048742985654273,Week or two,[],[],[],39,1169,43
1053128497747582976,tweet,1539920374000,elonmusk,44196397,,1053060766771761152,"If you don’t like a Tesla for any reason or no reason, you can just give it back for a full refund",[],[],[],194,2343,210
1051876453837561857,tweet,1539621864000,elonmusk,44196397,,1051676507582550016,Haha. It is actually my fav game on Tesla cars right now,[],[],[],139,5461,132
1051367720111943681,tweet,1539500572000,elonmusk,44196397,,1051226159562686464,Maybe this could be part of a (safe) car version of Pokémon Go style game,[],[],[],43,1050,49
1052105289489477633,tweet,1539676422000,elonmusk,44196397,,1051860932211675140,I believe it’s $5k,[],[],[],33,606,27
1052104593876774912,tweet,1539676256000,elonmusk,44196397,,1051860932211675140,~6 months before it is in all new production cars. No change to sensors. This is simple replacement of the Autopilot computer. Will be done free of charge for those who ordered full self-driving.,[],[],[],59,1064,96
1053068635940388865,tweet,1539906102000,elonmusk,44196397,,1053060766771761152,Also available off menu for a week. Was causing too much confusion.,[],[],[],94,697,43
1052101050465808384,tweet,1539675412000,elonmusk,44196397,,1051860932211675140,"To be clear, actual NN improvement is significantly overestimated in this article. V9.0 vs V8.1 is more like a ~400% increase in useful ops/sec due to enabling integrated GPU & better use of discrete GPU.",[],[],[],104,4066,254
1052621018756349952,tweet,1539799382000,elonmusk,44196397,,1052356093534302208,New Summon will use the Autopilot cameras,[],[],[],44,1012,49
1052130883585507328,tweet,1539682524000,elonmusk,44196397,,1051860932211675140,The FSD upgrade is the Tesla computer with our NN chip,[],[],[],39,711,44
1052618154260619264,tweet,1539798699000,elonmusk,44196397,,1052356093534302208,"Yes, aiming for next few months",[],[],[],20,825,18
1052618041513586688,tweet,1539798672000,elonmusk,44196397,,1052356093534302208,"True, but this will improve dramatically over next several months & all Tesla cars ever produced (except early Roadsters) will get improvements for free. Continuous, free over-the-air software updates is a big part of why a Tesla retains so much value over time.",[],[],[],56,1024,90
1053065745897148416,tweet,1539905413000,elonmusk,44196397,,1053060766771761152,"It’s kind of like the post office. Same price for delivery to Maine as the SF Bay Area. But you do get a free Tesla factory tour, which is really fun to see.",[],[],[],42,782,49
1051230620234350592,tweet,1539467885000,elonmusk,44196397,,1051226159562686464,Good idea!,[],[],[],32,902,24
1148011199121854464,tweet,1562542173000,elonmusk,44196397,,1148009641479008256,Later in life Bakunin is underappreciated,[],[],[],188,2878,122
1148009019140923392,tweet,1562541653000,cleantechnica,17060015,elonmusk,1148009019140923392,"Vegas, Baby! Los Angeles To Vegas & Back In A Tesla Model 3 — 8 Hours Of Driving & 70 Minutes Of Charging https://cleantechnica.com/2019/07/07/vegas-baby-vegas-8-hours-of-driving-70-minutes-of-charging/ …pic.twitter.com/XT5l7gwCk1","['https://t.co/mbzPhnLaqO', 'https://t.co/XT5l7gwCk1']",[],[],90,2721,243
1148009641479008256,tweet,1562541802000,elonmusk,44196397,,1148009641479008256,Listening to Revolutions by Duncanhttps://pca.st/podcast/b1ccb690-fd97-0130-c6ee-723c91aeae46 …Found this on a throw pillow …pic.twitter.com/COUXCF8fG4,"['https://t.co/zc9BGT8bNP', 'https://t.co/COUXCF8fG4']",[],[],247,4116,210
1147883392412917760,tweet,1562511702000,lexfridman,427089628,elonmusk,1147883392412917760,"Over 528,000 Tesla vehicles with Autopilot HW2+ delivered to-date. The possibilities for Autopilot at such a large scale are exciting, esp for driver safety. Good luck to @elonmusk and @Tesla team in tackling this important engineering challenge. Details: https://hcai.mit.edu/tesla-autopilot-miles-and-vehicles/ …pic.twitter.com/WhI1G4i6O6","['https://t.co/k1M2L74cZP', 'https://t.co/WhI1G4i6O6']",[],"['@elonmusk', '@Tesla']",135,5755,774
1147934921656111104,tweet,1562523987000,elonmusk,44196397,,1147934921656111104,Cat is out of the bag https://www.bloomberg.com/news/articles/2019-07-06/gates-says-steve-jobs-cast-spells-to-keep-apple-from-dying?utm_campaign=news&utm_medium=bd&utm_source=applenews …,['https://t.co/epUKm0a3gr'],[],[],988,29010,3294
1147434859217870848,tweet,1562404763000,elonmusk,44196397,,1147434859217870848,Model X as it should be shown https://www.instagram.com/p/BzhWjnZgQSj/?igshid=ly4ynqxne44p …,['https://t.co/lpog2ejWQK'],[],[],705,23123,2032
1147434181082800129,tweet,1562404601000,elonmusk,44196397,,1147434181082800129,What ants must feel likepic.twitter.com/NSsBZXnEvp,['https://t.co/NSsBZXnEvp'],[],[],1134,107264,11242
1147268227837366279,tweet,1562365035000,cleantechnica,17060015,elonmusk,1147268227837366279,Tesla Model 3 Breaks EV Distance Record – 2781 km (1728 miles) Travelled in 24 hours https://cleantechnica.com/2019/07/05/tesla-model-3-breaks-ev-distance-record-2781-km-1728-miles-travelled-in-24-hours/ …pic.twitter.com/OgGbl8LZhv,"['https://t.co/Mif8Qx0YDZ', 'https://t.co/OgGbl8LZhv']",[],[],110,5156,612
1146951326573555712,tweet,1562289480000,Tesla,13298072,elonmusk,1146951326573555712,https://twitter.com/RealZSchiel/status/1146859988918374400 …,['https://t.co/reBDWgPzVu'],[],[],316,46606,2544
1146574336205058048,tweet,1562199598000,elonmusk,44196397,,1146571114551709698,Landing on Ms. Treepic.twitter.com/4lhPWRpaS9,['https://t.co/4lhPWRpaS9'],[],[],441,23201,1542
1146571114551709698,tweet,1562198830000,elonmusk,44196397,,1146571114551709698,Rocket fairing returning from spacehttps://twitter.com/spacex/status/1146546495241371649 …,['https://t.co/kundXPeslm'],[],[],623,36021,3156
1146546049932070912,tweet,1562192854000,elonmusk,44196397,,1146546049932070912,Reason for top rating is that active steering & braking safety features of Tesla Autopilot are turned on no cost for all carshttps://www.wired.com/story/tesla-model-3-can-survive-crash-avoid-one-too/ …,['https://t.co/HBKwAEbgc9'],[],[],525,12848,1168
1146402247686918144,tweet,1562158569000,InsideEVs,568621669,elonmusk,1146402247686918144,2019 Tesla Model S Long Range: Don't Let Its Looks Fool You https://insideevs.com/reviews/357919/video-tesla-model-s-long-range-review/amp/ … via @insideevs.com,['https://t.co/oVbltbXvhC'],[],['@InsideEVs'],63,2797,228
1146358299886936064,tweet,1562148091000,Teslarati,1308211178,elonmusk,1146358299886936064,"Hey @elonmusk, can confirm Model 3 quicker and better handling than BMW M3, M4 ... 911, Vette, Ferrari, Aston Martin...https://www.teslarati.com/tesla-model-3-fastest-lap-record-laguna-seca-video/ …",['https://t.co/vEtuJxooYe'],[],['@elonmusk'],190,6260,807
1146357513085837312,tweet,1562147904000,Tesla,13298072,elonmusk,1146357513085837312,please:We are excited to announce that Model 3 just earned a 5-star safety rating from @EuroNCAP https://ts.la/2LxSs73,['https://t.co/2oSQz4yaBB'],[],['@EuroNCAP'],503,28250,2957
1146152051434381313,tweet,1562098918000,elonmusk,44196397,,1146152051434381313,Congratulations Tesla team & thanks to all the new Tesla owners!! https://twitter.com/cnbcnow/status/1146151371571380225 …,['https://t.co/QczUAVazw5'],[],[],1806,60887,4626
1146147067015778304,tweet,1562097729000,elonmusk,44196397,,1146147067015778304,Meme of recursive ironypic.twitter.com/hlrfkd9yGy,['https://t.co/hlrfkd9yGy'],[],[],892,56849,5201
1146097115183140864,tweet,1562085820000,QuentinWillson,194084833,elonmusk,1146097115183140864,Took Tesla Model 3 ⁦to @CaffandMac⁩ to see reactions. Got 320 miles to one charge. This is £50k Performance version that does 0-60 in 3.2 secs and 163 mph. World’s best electric car by a big margin. Loved it. ⁦@Tesla⁩ #tesla ⁦@elonmusk⁩pic.twitter.com/GT4Xx84iQt,['https://t.co/GT4Xx84iQt'],['#tesla'],"['@CaffandMac', '@Tesla', '@elonmusk']",144,6465,437
1145903368184819712,tweet,1562039627000,boringcompany,859816394556284929,elonmusk,1145903368184819712,Come work with us in Las Vegas – lots of boring jobs available!https://www.boringcompany.com/jobs,['https://t.co/imlQMDfprJ'],[],[],660,10918,1169
1145809499455967233,tweet,1562017247000,cleantechnica,17060015,elonmusk,1145809499455967233,"Tesla’s Nanochargers Deliver 250 kW Charging & 1,722 km/hr Today! https://cleantechnica.com/2019/07/01/teslas-nanochargers-deliver-250-kw-charging-1722-km-hr-today/ …pic.twitter.com/KWf1AEfTb1","['https://t.co/qZCLvwvTmG', 'https://t.co/KWf1AEfTb1']",[],[],131,5782,522
1051389235406598144,tweet,1539505702000,elonmusk,44196397,,1051389235406598144,It is time to create a mecha,[],[],[],11574,244432,59923
1053390822991790083,tweet,1539982917000,elonmusk,44196397,,1053390822991790083,Had to been done ur welcomepic.twitter.com/7jT0f9lqIS,['https://t.co/7jT0f9lqIS'],[],[],17083,1191597,378482
1052787992060936193,tweet,1539839191000,elonmusk,44196397,,1052787992060936193,Tomorrow brings a lemurpic.twitter.com/rm6S17h35q,['https://t.co/rm6S17h35q'],[],[],1674,60489,5304
1051377948916215810,tweet,1539503011000,elonmusk,44196397,,1051377948916215810,Love Your Namehttps://m.youtube.com/watch?v=xU47nhruN-Q …,['https://t.co/fRU7nTWnML'],[],[],3418,93736,20593
1053432175696048130,tweet,1539992777000,elonmusk,44196397,,1053390822991790083,Online doesn’t count,[],[],[],820,50713,10169
1053060766771761152,tweet,1539904226000,elonmusk,44196397,,1053060766771761152,"Just released lower cost, mid-range Tesla Model 3 & super simple new order pagehttp://Tesla.com/3",['https://t.co/cz0TQn7IOZ'],[],[],3505,49213,5735
1052788115755200512,tweet,1539839221000,elonmusk,44196397,,1052787992060936193,You’ll see,[],[],[],862,28832,2006
1052356093534302208,tweet,1539736219000,elonmusk,44196397,,1052356093534302208,Just reviewed Tesla’s service locations in North America & realized we have major gaps in geographic coverage! Sorry for this foolish oversight. Tesla will aim to cover all regions of NA (not just big cities) within 3 to 6 months.,[],[],[],1672,40802,2565
1051917544301285376,tweet,1539631660000,elonmusk,44196397,,1051917544301285376,Model 3 motor & gearbox still in good condition after driving 1M miles. Designed for ultra high endurance.https://twitter.com/Tesla/status/1051911793373638661 …,['https://t.co/LVO2clQZ3V'],[],[],1439,52899,6916
1053048742985654273,tweet,1539901359000,elonmusk,44196397,,1053048742985654273,Dog saves her puppieshttps://www.reddit.com/r/gifs/comments/9pbeh2/this_dog_came_back_to_save_her_puppies_from_the/?st=JNF5HFZI&sh=2df412d3 …,['https://t.co/czPVEwpPhi'],[],[],416,15899,1337
1052694988516089861,tweet,1539817018000,elonmusk,44196397,,1052694988516089861,Special Circumstancespic.twitter.com/Kk36qj6XJt,['https://t.co/Kk36qj6XJt'],[],[],813,19239,939
1051907915706032131,tweet,1539629365000,elonmusk,44196397,,1051907915706032131,Works best if you play games full screen & use steering wheel scroller balls for controlhttps://twitter.com/Teslarati/status/1051904869441912832 …,['https://t.co/fE51cCC5lx'],[],[],575,13830,1081
1052315244716941313,tweet,1539726480000,elonmusk,44196397,,1052315244716941313,Insightful article by David @Poguehttps://twitter.com/Pogue/status/1051878668136517632 …,['https://t.co/yo9sPUtM8I'],[],['@Pogue'],460,15193,2149
1051381698682793985,tweet,1539503905000,elonmusk,44196397,,1051377948916215810,NERV,[],[],[],212,13560,3168
1052356645723021312,tweet,1539736350000,elonmusk,44196397,,1052356093534302208,Same goes for all countries within which we officially operate by end of next year,[],[],[],533,15720,576
1051379120322490368,tweet,1539503290000,elonmusk,44196397,,1051377948916215810,Great. Also love Princess Mononoke.,[],[],[],124,12250,1258
1053063107843514368,tweet,1539904784000,elonmusk,44196397,,1053060766771761152,"Tesla rear wheel drive cars do actually work well on snow & ice. We did our traction testing on an ice lake! Dual motor AWD is great, but not required for cold weather. Just don’t use sport/summer tires.",[],[],[],457,13362,715
1053430213281906688,tweet,1539992309000,elonmusk,44196397,,1053390822991790083,That’s next,[],[],[],137,10711,1017
1051971997855506432,tweet,1539644643000,elonmusk,44196397,,1051860932211675140,Still a long way to go,[],[],[],171,6993,259
1051727134593445888,tweet,1539586263000,elonmusk,44196397,,1051693566756556801,What are some of the most fun games we could have on a Tesla? Classic Atari is just the start.,[],[],[],1023,15076,584
1053049133643137024,tweet,1539901452000,elonmusk,44196397,,1053048742985654273,Love the Reddit comments too,[],[],[],242,14956,423
1051591623069429760,tweet,1539553955000,elonmusk,44196397,,1051588917688918016,"Thanks for recognizing the great work of the Tesla team! 45,000 people now.",[],[],[],208,12650,569
1053066426532028418,tweet,1539905575000,elonmusk,44196397,,1053060766771761152,"Model 3 long range, rear wheel drive is still available for ordering off menu for another week or so",[],[],[],404,10115,421
1052282255261847552,tweet,1539718614000,elonmusk,44196397,,1052269116915109888,"Thanks John, really admire you too! I think you’re one of the best engineers ever. Hope you return to working on rockets one day.",[],[],[],160,8370,326
1053355910364426240,tweet,1539974594000,elonmusk,44196397,,1053355721184677888,I hope this is true!,[],[],[],192,2458,168
1052101714117976069,tweet,1539675570000,elonmusk,44196397,,1051860932211675140,Somewhere between 500% & 2000%,[],[],[],23,893,52
1053049266615214080,tweet,1539901484000,elonmusk,44196397,,1053048742985654273,Week or two,[],[],[],39,1169,43
1053128497747582976,tweet,1539920374000,elonmusk,44196397,,1053060766771761152,"If you don’t like a Tesla for any reason or no reason, you can just give it back for a full refund",[],[],[],194,2343,210
1051876453837561857,tweet,1539621864000,elonmusk,44196397,,1051676507582550016,Haha. It is actually my fav game on Tesla cars right now,[],[],[],139,5461,132
1051367720111943681,tweet,1539500572000,elonmusk,44196397,,1051226159562686464,Maybe this could be part of a (safe) car version of Pokémon Go style game,[],[],[],43,1050,49
1052105289489477633,tweet,1539676422000,elonmusk,44196397,,1051860932211675140,I believe it’s $5k,[],[],[],33,606,27
1052104593876774912,tweet,1539676256000,elonmusk,44196397,,1051860932211675140,~6 months before it is in all new production cars. No change to sensors. This is simple replacement of the Autopilot computer. Will be done free of charge for those who ordered full self-driving.,[],[],[],59,1064,96
1053068635940388865,tweet,1539906102000,elonmusk,44196397,,1053060766771761152,Also available off menu for a week. Was causing too much confusion.,[],[],[],94,697,43
1052101050465808384,tweet,1539675412000,elonmusk,44196397,,1051860932211675140,"To be clear, actual NN improvement is significantly overestimated in this article. V9.0 vs V8.1 is more like a ~400% increase in useful ops/sec due to enabling integrated GPU & better use of discrete GPU.",[],[],[],104,4066,254
1052621018756349952,tweet,1539799382000,elonmusk,44196397,,1052356093534302208,New Summon will use the Autopilot cameras,[],[],[],44,1012,49
1052130883585507328,tweet,1539682524000,elonmusk,44196397,,1051860932211675140,The FSD upgrade is the Tesla computer with our NN chip,[],[],[],39,711,44
1052618154260619264,tweet,1539798699000,elonmusk,44196397,,1052356093534302208,"Yes, aiming for next few months",[],[],[],20,825,18
1052618041513586688,tweet,1539798672000,elonmusk,44196397,,1052356093534302208,"True, but this will improve dramatically over next several months & all Tesla cars ever produced (except early Roadsters) will get improvements for free. Continuous, free over-the-air software updates is a big part of why a Tesla retains so much value over time.",[],[],[],56,1024,90
1053065745897148416,tweet,1539905413000,elonmusk,44196397,,1053060766771761152,"It’s kind of like the post office. Same price for delivery to Maine as the SF Bay Area. But you do get a free Tesla factory tour, which is really fun to see.",[],[],[],42,782,49
1051230620234350592,tweet,1539467885000,elonmusk,44196397,,1051226159562686464,Good idea!,[],[],[],32,902,24
1148011199121854464,tweet,1562542173000,elonmusk,44196397,,1148009641479008256,Later in life Bakunin is underappreciated,[],[],[],188,2881,122
1148009019140923392,tweet,1562541653000,cleantechnica,17060015,elonmusk,1148009019140923392,"Vegas, Baby! Los Angeles To Vegas & Back In A Tesla Model 3 — 8 Hours Of Driving & 70 Minutes Of Charging https://cleantechnica.com/2019/07/07/vegas-baby-vegas-8-hours-of-driving-70-minutes-of-charging/ …pic.twitter.com/XT5l7gwCk1","['https://t.co/mbzPhnLaqO', 'https://t.co/XT5l7gwCk1']",[],[],90,2722,243
1148009641479008256,tweet,1562541802000,elonmusk,44196397,,1148009641479008256,Listening to Revolutions by Duncanhttps://pca.st/podcast/b1ccb690-fd97-0130-c6ee-723c91aeae46 …Found this on a throw pillow …pic.twitter.com/COUXCF8fG4,"['https://t.co/zc9BGT8bNP', 'https://t.co/COUXCF8fG4']",[],[],247,4121,210
1147883392412917760,tweet,1562511702000,lexfridman,427089628,elonmusk,1147883392412917760,"Over 528,000 Tesla vehicles with Autopilot HW2+ delivered to-date. The possibilities for Autopilot at such a large scale are exciting, esp for driver safety. Good luck to @elonmusk and @Tesla team in tackling this important engineering challenge. Details: https://hcai.mit.edu/tesla-autopilot-miles-and-vehicles/ …pic.twitter.com/WhI1G4i6O6","['https://t.co/k1M2L74cZP', 'https://t.co/WhI1G4i6O6']",[],"['@elonmusk', '@Tesla']",135,5760,776
1147934921656111104,tweet,1562523987000,elonmusk,44196397,,1147934921656111104,Cat is out of the bag https://www.bloomberg.com/news/articles/2019-07-06/gates-says-steve-jobs-cast-spells-to-keep-apple-from-dying?utm_campaign=news&utm_medium=bd&utm_source=applenews …,['https://t.co/epUKm0a3gr'],[],[],988,29023,3296
1147434859217870848,tweet,1562404763000,elonmusk,44196397,,1147434859217870848,Model X as it should be shown https://www.instagram.com/p/BzhWjnZgQSj/?igshid=ly4ynqxne44p …,['https://t.co/lpog2ejWQK'],[],[],705,23123,2032
1147434181082800129,tweet,1562404601000,elonmusk,44196397,,1147434181082800129,What ants must feel likepic.twitter.com/NSsBZXnEvp,['https://t.co/NSsBZXnEvp'],[],[],1134,107267,11243
1147268227837366279,tweet,1562365035000,cleantechnica,17060015,elonmusk,1147268227837366279,Tesla Model 3 Breaks EV Distance Record – 2781 km (1728 miles) Travelled in 24 hours https://cleantechnica.com/2019/07/05/tesla-model-3-breaks-ev-distance-record-2781-km-1728-miles-travelled-in-24-hours/ …pic.twitter.com/OgGbl8LZhv,"['https://t.co/Mif8Qx0YDZ', 'https://t.co/OgGbl8LZhv']",[],[],110,5156,612
1146951326573555712,tweet,1562289480000,Tesla,13298072,elonmusk,1146951326573555712,https://twitter.com/RealZSchiel/status/1146859988918374400 …,['https://t.co/reBDWgPzVu'],[],[],316,46608,2544
1146574336205058048,tweet,1562199598000,elonmusk,44196397,,1146571114551709698,Landing on Ms. Treepic.twitter.com/4lhPWRpaS9,['https://t.co/4lhPWRpaS9'],[],[],441,23200,1542
1146571114551709698,tweet,1562198830000,elonmusk,44196397,,1146571114551709698,Rocket fairing returning from spacehttps://twitter.com/spacex/status/1146546495241371649 …,['https://t.co/kundXPeslm'],[],[],623,36021,3156
1146546049932070912,tweet,1562192854000,elonmusk,44196397,,1146546049932070912,Reason for top rating is that active steering & braking safety features of Tesla Autopilot are turned on no cost for all carshttps://www.wired.com/story/tesla-model-3-can-survive-crash-avoid-one-too/ …,['https://t.co/HBKwAEbgc9'],[],[],525,12848,1168
1146402247686918144,tweet,1562158569000,InsideEVs,568621669,elonmusk,1146402247686918144,2019 Tesla Model S Long Range: Don't Let Its Looks Fool You https://insideevs.com/reviews/357919/video-tesla-model-s-long-range-review/amp/ … via @insideevs.com,['https://t.co/oVbltbXvhC'],[],['@InsideEVs'],63,2797,228
1146358299886936064,tweet,1562148091000,Teslarati,1308211178,elonmusk,1146358299886936064,"Hey @elonmusk, can confirm Model 3 quicker and better handling than BMW M3, M4 ... 911, Vette, Ferrari, Aston Martin...https://www.teslarati.com/tesla-model-3-fastest-lap-record-laguna-seca-video/ …",['https://t.co/vEtuJxooYe'],[],['@elonmusk'],190,6260,807
1146357513085837312,tweet,1562147904000,Tesla,13298072,elonmusk,1146357513085837312,please:We are excited to announce that Model 3 just earned a 5-star safety rating from @EuroNCAP https://ts.la/2LxSs73,['https://t.co/2oSQz4yaBB'],[],['@EuroNCAP'],503,28250,2957
1146152051434381313,tweet,1562098918000,elonmusk,44196397,,1146152051434381313,Congratulations Tesla team & thanks to all the new Tesla owners!! https://twitter.com/cnbcnow/status/1146151371571380225 …,['https://t.co/QczUAVazw5'],[],[],1806,60887,4626
1146147067015778304,tweet,1562097729000,elonmusk,44196397,,1146147067015778304,Meme of recursive ironypic.twitter.com/hlrfkd9yGy,['https://t.co/hlrfkd9yGy'],[],[],892,56849,5201
1146097115183140864,tweet,1562085820000,QuentinWillson,194084833,elonmusk,1146097115183140864,Took Tesla Model 3 ⁦to @CaffandMac⁩ to see reactions. Got 320 miles to one charge. This is £50k Performance version that does 0-60 in 3.2 secs and 163 mph. World’s best electric car by a big margin. Loved it. ⁦@Tesla⁩ #tesla ⁦@elonmusk⁩pic.twitter.com/GT4Xx84iQt,['https://t.co/GT4Xx84iQt'],['#tesla'],"['@CaffandMac', '@Tesla', '@elonmusk']",144,6465,437
1145903368184819712,tweet,1562039627000,boringcompany,859816394556284929,elonmusk,1145903368184819712,Come work with us in Las Vegas – lots of boring jobs available!https://www.boringcompany.com/jobs,['https://t.co/imlQMDfprJ'],[],[],660,10918,1169
1145809499455967233,tweet,1562017247000,cleantechnica,17060015,elonmusk,1145809499455967233,"Tesla’s Nanochargers Deliver 250 kW Charging & 1,722 km/hr Today! https://cleantechnica.com/2019/07/01/teslas-nanochargers-deliver-250-kw-charging-1722-km-hr-today/ …pic.twitter.com/KWf1AEfTb1","['https://t.co/qZCLvwvTmG', 'https://t.co/KWf1AEfTb1']",[],[],131,5782,522
1051389235406598144,tweet,1539505702000,elonmusk,44196397,,1051389235406598144,It is time to create a mecha,[],[],[],11574,244432,59923
1053390822991790083,tweet,1539982917000,elonmusk,44196397,,1053390822991790083,Had to been done ur welcomepic.twitter.com/7jT0f9lqIS,['https://t.co/7jT0f9lqIS'],[],[],17083,1191597,378482
1052787992060936193,tweet,1539839191000,elonmusk,44196397,,1052787992060936193,Tomorrow brings a lemurpic.twitter.com/rm6S17h35q,['https://t.co/rm6S17h35q'],[],[],1674,60489,5304
1051377948916215810,tweet,1539503011000,elonmusk,44196397,,1051377948916215810,Love Your Namehttps://m.youtube.com/watch?v=xU47nhruN-Q …,['https://t.co/fRU7nTWnML'],[],[],3418,93736,20593
1053432175696048130,tweet,1539992777000,elonmusk,44196397,,1053390822991790083,Online doesn’t count,[],[],[],820,50713,10169
1053060766771761152,tweet,1539904226000,elonmusk,44196397,,1053060766771761152,"Just released lower cost, mid-range Tesla Model 3 & super simple new order pagehttp://Tesla.com/3",['https://t.co/cz0TQn7IOZ'],[],[],3505,49213,5735
1052788115755200512,tweet,1539839221000,elonmusk,44196397,,1052787992060936193,You’ll see,[],[],[],862,28832,2006
1052356093534302208,tweet,1539736219000,elonmusk,44196397,,1052356093534302208,Just reviewed Tesla’s service locations in North America & realized we have major gaps in geographic coverage! Sorry for this foolish oversight. Tesla will aim to cover all regions of NA (not just big cities) within 3 to 6 months.,[],[],[],1672,40802,2565
1051917544301285376,tweet,1539631660000,elonmusk,44196397,,1051917544301285376,Model 3 motor & gearbox still in good condition after driving 1M miles. Designed for ultra high endurance.https://twitter.com/Tesla/status/1051911793373638661 …,['https://t.co/LVO2clQZ3V'],[],[],1439,52899,6916
1053048742985654273,tweet,1539901359000,elonmusk,44196397,,1053048742985654273,Dog saves her puppieshttps://www.reddit.com/r/gifs/comments/9pbeh2/this_dog_came_back_to_save_her_puppies_from_the/?st=JNF5HFZI&sh=2df412d3 …,['https://t.co/czPVEwpPhi'],[],[],416,15899,1337
1052694988516089861,tweet,1539817018000,elonmusk,44196397,,1052694988516089861,Special Circumstancespic.twitter.com/Kk36qj6XJt,['https://t.co/Kk36qj6XJt'],[],[],813,19239,939
1051907915706032131,tweet,1539629365000,elonmusk,44196397,,1051907915706032131,Works best if you play games full screen & use steering wheel scroller balls for controlhttps://twitter.com/Teslarati/status/1051904869441912832 …,['https://t.co/fE51cCC5lx'],[],[],575,13830,1081
1052315244716941313,tweet,1539726480000,elonmusk,44196397,,1052315244716941313,Insightful article by David @Poguehttps://twitter.com/Pogue/status/1051878668136517632 …,['https://t.co/yo9sPUtM8I'],[],['@Pogue'],460,15193,2149
1051381698682793985,tweet,1539503905000,elonmusk,44196397,,1051377948916215810,NERV,[],[],[],212,13560,3168
1052356645723021312,tweet,1539736350000,elonmusk,44196397,,1052356093534302208,Same goes for all countries within which we officially operate by end of next year,[],[],[],533,15720,576
1051379120322490368,tweet,1539503290000,elonmusk,44196397,,1051377948916215810,Great. Also love Princess Mononoke.,[],[],[],124,12250,1258
1053063107843514368,tweet,1539904784000,elonmusk,44196397,,1053060766771761152,"Tesla rear wheel drive cars do actually work well on snow & ice. We did our traction testing on an ice lake! Dual motor AWD is great, but not required for cold weather. Just don’t use sport/summer tires.",[],[],[],457,13362,715
1053430213281906688,tweet,1539992309000,elonmusk,44196397,,1053390822991790083,That’s next,[],[],[],137,10711,1017
1051971997855506432,tweet,1539644643000,elonmusk,44196397,,1051860932211675140,Still a long way to go,[],[],[],171,6993,259
1051727134593445888,tweet,1539586263000,elonmusk,44196397,,1051693566756556801,What are some of the most fun games we could have on a Tesla? Classic Atari is just the start.,[],[],[],1023,15076,584
1053049133643137024,tweet,1539901452000,elonmusk,44196397,,1053048742985654273,Love the Reddit comments too,[],[],[],242,14956,423
1051591623069429760,tweet,1539553955000,elonmusk,44196397,,1051588917688918016,"Thanks for recognizing the great work of the Tesla team! 45,000 people now.",[],[],[],208,12650,569
1053066426532028418,tweet,1539905575000,elonmusk,44196397,,1053060766771761152,"Model 3 long range, rear wheel drive is still available for ordering off menu for another week or so",[],[],[],404,10115,421
1052282255261847552,tweet,1539718614000,elonmusk,44196397,,1052269116915109888,"Thanks John, really admire you too! I think you’re one of the best engineers ever. Hope you return to working on rockets one day.",[],[],[],160,8370,326
1053355910364426240,tweet,1539974594000,elonmusk,44196397,,1053355721184677888,I hope this is true!,[],[],[],192,2458,168
1052101714117976069,tweet,1539675570000,elonmusk,44196397,,1051860932211675140,Somewhere between 500% & 2000%,[],[],[],23,893,52
1053049266615214080,tweet,1539901484000,elonmusk,44196397,,1053048742985654273,Week or two,[],[],[],39,1169,43
1053128497747582976,tweet,1539920374000,elonmusk,44196397,,1053060766771761152,"If you don’t like a Tesla for any reason or no reason, you can just give it back for a full refund",[],[],[],194,2343,210
1051876453837561857,tweet,1539621864000,elonmusk,44196397,,1051676507582550016,Haha. It is actually my fav game on Tesla cars right now,[],[],[],139,5461,132
1051367720111943681,tweet,1539500572000,elonmusk,44196397,,1051226159562686464,Maybe this could be part of a (safe) car version of Pokémon Go style game,[],[],[],43,1050,49
1052105289489477633,tweet,1539676422000,elonmusk,44196397,,1051860932211675140,I believe it’s $5k,[],[],[],33,606,27
1052104593876774912,tweet,1539676256000,elonmusk,44196397,,1051860932211675140,~6 months before it is in all new production cars. No change to sensors. This is simple replacement of the Autopilot computer. Will be done free of charge for those who ordered full self-driving.,[],[],[],59,1064,96
1053068635940388865,tweet,1539906102000,elonmusk,44196397,,1053060766771761152,Also available off menu for a week. Was causing too much confusion.,[],[],[],94,697,43
1052101050465808384,tweet,1539675412000,elonmusk,44196397,,1051860932211675140,"To be clear, actual NN improvement is significantly overestimated in this article. V9.0 vs V8.1 is more like a ~400% increase in useful ops/sec due to enabling integrated GPU & better use of discrete GPU.",[],[],[],104,4066,254
1052621018756349952,tweet,1539799382000,elonmusk,44196397,,1052356093534302208,New Summon will use the Autopilot cameras,[],[],[],44,1012,49
1052130883585507328,tweet,1539682524000,elonmusk,44196397,,1051860932211675140,The FSD upgrade is the Tesla computer with our NN chip,[],[],[],39,711,44
1052618154260619264,tweet,1539798699000,elonmusk,44196397,,1052356093534302208,"Yes, aiming for next few months",[],[],[],20,825,18
1052618041513586688,tweet,1539798672000,elonmusk,44196397,,1052356093534302208,"True, but this will improve dramatically over next several months & all Tesla cars ever produced (except early Roadsters) will get improvements for free. Continuous, free over-the-air software updates is a big part of why a Tesla retains so much value over time.",[],[],[],56,1024,90
1053065745897148416,tweet,1539905413000,elonmusk,44196397,,1053060766771761152,"It’s kind of like the post office. Same price for delivery to Maine as the SF Bay Area. But you do get a free Tesla factory tour, which is really fun to see.",[],[],[],42,782,49
1051230620234350592,tweet,1539467885000,elonmusk,44196397,,1051226159562686464,Good idea!,[],[],[],32,902,24
1148011199121854464,tweet,1562542173000,elonmusk,44196397,,1148009641479008256,Later in life Bakunin is underappreciated,[],[],[],188,2890,123
1148009019140923392,tweet,1562541653000,cleantechnica,17060015,elonmusk,1148009019140923392,"Vegas, Baby! Los Angeles To Vegas & Back In A Tesla Model 3 — 8 Hours Of Driving & 70 Minutes Of Charging https://cleantechnica.com/2019/07/07/vegas-baby-vegas-8-hours-of-driving-70-minutes-of-charging/ …pic.twitter.com/XT5l7gwCk1","['https://t.co/mbzPhnLaqO', 'https://t.co/XT5l7gwCk1']",[],[],90,2731,243
1148009641479008256,tweet,1562541802000,elonmusk,44196397,,1148009641479008256,Listening to Revolutions by Duncanhttps://pca.st/podcast/b1ccb690-fd97-0130-c6ee-723c91aeae46 …Found this on a throw pillow …pic.twitter.com/COUXCF8fG4,"['https://t.co/zc9BGT8bNP', 'https://t.co/COUXCF8fG4']",[],[],247,4139,210
1147883392412917760,tweet,1562511702000,lexfridman,427089628,elonmusk,1147883392412917760,"Over 528,000 Tesla vehicles with Autopilot HW2+ delivered to-date. The possibilities for Autopilot at such a large scale are exciting, esp for driver safety. Good luck to @elonmusk and @Tesla team in tackling this important engineering challenge. Details: https://hcai.mit.edu/tesla-autopilot-miles-and-vehicles/ …pic.twitter.com/WhI1G4i6O6","['https://t.co/k1M2L74cZP', 'https://t.co/WhI1G4i6O6']",[],"['@elonmusk', '@Tesla']",135,5772,779
1147934921656111104,tweet,1562523987000,elonmusk,44196397,,1147934921656111104,Cat is out of the bag https://www.bloomberg.com/news/articles/2019-07-06/gates-says-steve-jobs-cast-spells-to-keep-apple-from-dying?utm_campaign=news&utm_medium=bd&utm_source=applenews …,['https://t.co/epUKm0a3gr'],[],[],989,29054,3299
1147434859217870848,tweet,1562404763000,elonmusk,44196397,,1147434859217870848,Model X as it should be shown https://www.instagram.com/p/BzhWjnZgQSj/?igshid=ly4ynqxne44p …,['https://t.co/lpog2ejWQK'],[],[],705,23125,2033
1147434181082800129,tweet,1562404601000,elonmusk,44196397,,1147434181082800129,What ants must feel likepic.twitter.com/NSsBZXnEvp,['https://t.co/NSsBZXnEvp'],[],[],1134,107270,11243
1147268227837366279,tweet,1562365035000,cleantechnica,17060015,elonmusk,1147268227837366279,Tesla Model 3 Breaks EV Distance Record – 2781 km (1728 miles) Travelled in 24 hours https://cleantechnica.com/2019/07/05/tesla-model-3-breaks-ev-distance-record-2781-km-1728-miles-travelled-in-24-hours/ …pic.twitter.com/OgGbl8LZhv,"['https://t.co/Mif8Qx0YDZ', 'https://t.co/OgGbl8LZhv']",[],[],110,5156,612
1146951326573555712,tweet,1562289480000,Tesla,13298072,elonmusk,1146951326573555712,https://twitter.com/RealZSchiel/status/1146859988918374400 …,['https://t.co/reBDWgPzVu'],[],[],316,46608,2544
1146574336205058048,tweet,1562199598000,elonmusk,44196397,,1146571114551709698,Landing on Ms. Treepic.twitter.com/4lhPWRpaS9,['https://t.co/4lhPWRpaS9'],[],[],441,23200,1542
1146571114551709698,tweet,1562198830000,elonmusk,44196397,,1146571114551709698,Rocket fairing returning from spacehttps://twitter.com/spacex/status/1146546495241371649 …,['https://t.co/kundXPeslm'],[],[],623,36021,3156
1146546049932070912,tweet,1562192854000,elonmusk,44196397,,1146546049932070912,Reason for top rating is that active steering & braking safety features of Tesla Autopilot are turned on no cost for all carshttps://www.wired.com/story/tesla-model-3-can-survive-crash-avoid-one-too/ …,['https://t.co/HBKwAEbgc9'],[],[],525,12848,1168
1146402247686918144,tweet,1562158569000,InsideEVs,568621669,elonmusk,1146402247686918144,2019 Tesla Model S Long Range: Don't Let Its Looks Fool You https://insideevs.com/reviews/357919/video-tesla-model-s-long-range-review/amp/ … via @insideevs.com,['https://t.co/oVbltbXvhC'],[],['@InsideEVs'],63,2797,228
1146358299886936064,tweet,1562148091000,Teslarati,1308211178,elonmusk,1146358299886936064,"Hey @elonmusk, can confirm Model 3 quicker and better handling than BMW M3, M4 ... 911, Vette, Ferrari, Aston Martin...https://www.teslarati.com/tesla-model-3-fastest-lap-record-laguna-seca-video/ …",['https://t.co/vEtuJxooYe'],[],['@elonmusk'],190,6260,807
1146357513085837312,tweet,1562147904000,Tesla,13298072,elonmusk,1146357513085837312,please:We are excited to announce that Model 3 just earned a 5-star safety rating from @EuroNCAP https://ts.la/2LxSs73,['https://t.co/2oSQz4yaBB'],[],['@EuroNCAP'],503,28250,2957
1146152051434381313,tweet,1562098918000,elonmusk,44196397,,1146152051434381313,Congratulations Tesla team & thanks to all the new Tesla owners!! https://twitter.com/cnbcnow/status/1146151371571380225 …,['https://t.co/QczUAVazw5'],[],[],1806,60887,4626
1146147067015778304,tweet,1562097729000,elonmusk,44196397,,1146147067015778304,Meme of recursive ironypic.twitter.com/hlrfkd9yGy,['https://t.co/hlrfkd9yGy'],[],[],892,56851,5201
1146097115183140864,tweet,1562085820000,QuentinWillson,194084833,elonmusk,1146097115183140864,Took Tesla Model 3 ⁦to @CaffandMac⁩ to see reactions. Got 320 miles to one charge. This is £50k Performance version that does 0-60 in 3.2 secs and 163 mph. World’s best electric car by a big margin. Loved it. ⁦@Tesla⁩ #tesla ⁦@elonmusk⁩pic.twitter.com/GT4Xx84iQt,['https://t.co/GT4Xx84iQt'],['#tesla'],"['@CaffandMac', '@Tesla', '@elonmusk']",144,6465,437
1145903368184819712,tweet,1562039627000,boringcompany,859816394556284929,elonmusk,1145903368184819712,Come work with us in Las Vegas – lots of boring jobs available!https://www.boringcompany.com/jobs,['https://t.co/imlQMDfprJ'],[],[],660,10918,1169
1145809499455967233,tweet,1562017247000,cleantechnica,17060015,elonmusk,1145809499455967233,"Tesla’s Nanochargers Deliver 250 kW Charging & 1,722 km/hr Today! https://cleantechnica.com/2019/07/01/teslas-nanochargers-deliver-250-kw-charging-1722-km-hr-today/ …pic.twitter.com/KWf1AEfTb1","['https://t.co/qZCLvwvTmG', 'https://t.co/KWf1AEfTb1']",[],[],131,5782,522
1051389235406598144,tweet,1539505702000,elonmusk,44196397,,1051389235406598144,It is time to create a mecha,[],[],[],11574,244432,59923
1053390822991790083,tweet,1539982917000,elonmusk,44196397,,1053390822991790083,Had to been done ur welcomepic.twitter.com/7jT0f9lqIS,['https://t.co/7jT0f9lqIS'],[],[],17083,1191598,378481
1052787992060936193,tweet,1539839191000,elonmusk,44196397,,1052787992060936193,Tomorrow brings a lemurpic.twitter.com/rm6S17h35q,['https://t.co/rm6S17h35q'],[],[],1674,60489,5304
1051377948916215810,tweet,1539503011000,elonmusk,44196397,,1051377948916215810,Love Your Namehttps://m.youtube.com/watch?v=xU47nhruN-Q …,['https://t.co/fRU7nTWnML'],[],[],3418,93736,20593
1053432175696048130,tweet,1539992777000,elonmusk,44196397,,1053390822991790083,Online doesn’t count,[],[],[],820,50713,10169
1053060766771761152,tweet,1539904226000,elonmusk,44196397,,1053060766771761152,"Just released lower cost, mid-range Tesla Model 3 & super simple new order pagehttp://Tesla.com/3",['https://t.co/cz0TQn7IOZ'],[],[],3505,49213,5735
1052788115755200512,tweet,1539839221000,elonmusk,44196397,,1052787992060936193,You’ll see,[],[],[],862,28832,2006
1052356093534302208,tweet,1539736219000,elonmusk,44196397,,1052356093534302208,Just reviewed Tesla’s service locations in North America & realized we have major gaps in geographic coverage! Sorry for this foolish oversight. Tesla will aim to cover all regions of NA (not just big cities) within 3 to 6 months.,[],[],[],1672,40802,2565
1051917544301285376,tweet,1539631660000,elonmusk,44196397,,1051917544301285376,Model 3 motor & gearbox still in good condition after driving 1M miles. Designed for ultra high endurance.https://twitter.com/Tesla/status/1051911793373638661 …,['https://t.co/LVO2clQZ3V'],[],[],1439,52899,6916
1053048742985654273,tweet,1539901359000,elonmusk,44196397,,1053048742985654273,Dog saves her puppieshttps://www.reddit.com/r/gifs/comments/9pbeh2/this_dog_came_back_to_save_her_puppies_from_the/?st=JNF5HFZI&sh=2df412d3 …,['https://t.co/czPVEwpPhi'],[],[],416,15899,1337
1052694988516089861,tweet,1539817018000,elonmusk,44196397,,1052694988516089861,Special Circumstancespic.twitter.com/Kk36qj6XJt,['https://t.co/Kk36qj6XJt'],[],[],813,19239,939
1051907915706032131,tweet,1539629365000,elonmusk,44196397,,1051907915706032131,Works best if you play games full screen & use steering wheel scroller balls for controlhttps://twitter.com/Teslarati/status/1051904869441912832 …,['https://t.co/fE51cCC5lx'],[],[],575,13830,1081
1052315244716941313,tweet,1539726480000,elonmusk,44196397,,1052315244716941313,Insightful article by David @Poguehttps://twitter.com/Pogue/status/1051878668136517632 …,['https://t.co/yo9sPUtM8I'],[],['@Pogue'],460,15193,2149
1051381698682793985,tweet,1539503905000,elonmusk,44196397,,1051377948916215810,NERV,[],[],[],212,13560,3168
1052356645723021312,tweet,1539736350000,elonmusk,44196397,,1052356093534302208,Same goes for all countries within which we officially operate by end of next year,[],[],[],533,15720,576
1051379120322490368,tweet,1539503290000,elonmusk,44196397,,1051377948916215810,Great. Also love Princess Mononoke.,[],[],[],124,12250,1258
1053063107843514368,tweet,1539904784000,elonmusk,44196397,,1053060766771761152,"Tesla rear wheel drive cars do actually work well on snow & ice. We did our traction testing on an ice lake! Dual motor AWD is great, but not required for cold weather. Just don’t use sport/summer tires.",[],[],[],457,13362,715
1053430213281906688,tweet,1539992309000,elonmusk,44196397,,1053390822991790083,That’s next,[],[],[],137,10711,1017
1051971997855506432,tweet,1539644643000,elonmusk,44196397,,1051860932211675140,Still a long way to go,[],[],[],171,6993,259
1051727134593445888,tweet,1539586263000,elonmusk,44196397,,1051693566756556801,What are some of the most fun games we could have on a Tesla? Classic Atari is just the start.,[],[],[],1023,15076,584
1053049133643137024,tweet,1539901452000,elonmusk,44196397,,1053048742985654273,Love the Reddit comments too,[],[],[],242,14956,423
1051591623069429760,tweet,1539553955000,elonmusk,44196397,,1051588917688918016,"Thanks for recognizing the great work of the Tesla team! 45,000 people now.",[],[],[],208,12650,569
1053066426532028418,tweet,1539905575000,elonmusk,44196397,,1053060766771761152,"Model 3 long range, rear wheel drive is still available for ordering off menu for another week or so",[],[],[],404,10115,421
1052282255261847552,tweet,1539718614000,elonmusk,44196397,,1052269116915109888,"Thanks John, really admire you too! I think you’re one of the best engineers ever. Hope you return to working on rockets one day.",[],[],[],160,8370,326
1053355910364426240,tweet,1539974594000,elonmusk,44196397,,1053355721184677888,I hope this is true!,[],[],[],192,2458,168
1052101714117976069,tweet,1539675570000,elonmusk,44196397,,1051860932211675140,Somewhere between 500% & 2000%,[],[],[],23,893,52
1053049266615214080,tweet,1539901484000,elonmusk,44196397,,1053048742985654273,Week or two,[],[],[],39,1169,43
1053128497747582976,tweet,1539920374000,elonmusk,44196397,,1053060766771761152,"If you don’t like a Tesla for any reason or no reason, you can just give it back for a full refund",[],[],[],194,2343,210
1051876453837561857,tweet,1539621864000,elonmusk,44196397,,1051676507582550016,Haha. It is actually my fav game on Tesla cars right now,[],[],[],139,5461,132
1051367720111943681,tweet,1539500572000,elonmusk,44196397,,1051226159562686464,Maybe this could be part of a (safe) car version of Pokémon Go style game,[],[],[],43,1050,49
1052105289489477633,tweet,1539676422000,elonmusk,44196397,,1051860932211675140,I believe it’s $5k,[],[],[],33,606,27
1052104593876774912,tweet,1539676256000,elonmusk,44196397,,1051860932211675140,~6 months before it is in all new production cars. No change to sensors. This is simple replacement of the Autopilot computer. Will be done free of charge for those who ordered full self-driving.,[],[],[],59,1064,96
1053068635940388865,tweet,1539906102000,elonmusk,44196397,,1053060766771761152,Also available off menu for a week. Was causing too much confusion.,[],[],[],94,697,43
1052101050465808384,tweet,1539675412000,elonmusk,44196397,,1051860932211675140,"To be clear, actual NN improvement is significantly overestimated in this article. V9.0 vs V8.1 is more like a ~400% increase in useful ops/sec due to enabling integrated GPU & better use of discrete GPU.",[],[],[],104,4066,254
1052621018756349952,tweet,1539799382000,elonmusk,44196397,,1052356093534302208,New Summon will use the Autopilot cameras,[],[],[],44,1012,49
1052130883585507328,tweet,1539682524000,elonmusk,44196397,,1051860932211675140,The FSD upgrade is the Tesla computer with our NN chip,[],[],[],39,711,44
1052618154260619264,tweet,1539798699000,elonmusk,44196397,,1052356093534302208,"Yes, aiming for next few months",[],[],[],20,825,18
1052618041513586688,tweet,1539798672000,elonmusk,44196397,,1052356093534302208,"True, but this will improve dramatically over next several months & all Tesla cars ever produced (except early Roadsters) will get improvements for free. Continuous, free over-the-air software updates is a big part of why a Tesla retains so much value over time.",[],[],[],56,1024,90
1053065745897148416,tweet,1539905413000,elonmusk,44196397,,1053060766771761152,"It’s kind of like the post office. Same price for delivery to Maine as the SF Bay Area. But you do get a free Tesla factory tour, which is really fun to see.",[],[],[],42,782,49
1051230620234350592,tweet,1539467885000,elonmusk,44196397,,1051226159562686464,Good idea!,[],[],[],32,902,24
